,mean_fit_time,std_fit_time,mean_score_time,std_score_time,param_rf__bootstrap,param_rf__max_depth,param_rf__max_features,param_rf__min_samples_split,param_rf__n_estimators,params,split0_test_score,split1_test_score,split2_test_score,split3_test_score,split4_test_score,mean_test_score,std_test_score,rank_test_score
0,0.2518669605255127,0.013914684590770745,0.02224588394165039,0.0011570712791526172,True,5,auto,2,50,"{'rf__bootstrap': True, 'rf__max_depth': 5, 'rf__max_features': 'auto', 'rf__min_samples_split': 2, 'rf__n_estimators': 50}",-46.48127618391195,-36.849635371413974,-46.80180890864185,-43.13327217973342,-42.29780227445348,-43.11275898363094,3.6013133740003638,69
1,0.7002453327178955,0.12243518663405051,0.04154767990112305,0.01467761386401619,True,5,auto,2,100,"{'rf__bootstrap': True, 'rf__max_depth': 5, 'rf__max_features': 'auto', 'rf__min_samples_split': 2, 'rf__n_estimators': 100}",-46.54738907529213,-36.71477893315161,-46.168541879709394,-42.950519350461505,-42.830332501825886,-43.04231234808811,3.5256180869385423,64
2,0.7014682292938232,0.32390528357494264,0.027186250686645506,0.001322701803393487,True,5,auto,2,200,"{'rf__bootstrap': True, 'rf__max_depth': 5, 'rf__max_features': 'auto', 'rf__min_samples_split': 2, 'rf__n_estimators': 200}",-46.26161727146586,-36.78654979229542,-45.73859753895458,-43.03377538571393,-41.59163842825888,-42.68243568333773,3.412489261722825,47
3,1.0582357406616212,0.014664392027776113,0.04499406814575195,0.0009041910041908026,True,5,auto,2,400,"{'rf__bootstrap': True, 'rf__max_depth': 5, 'rf__max_features': 'auto', 'rf__min_samples_split': 2, 'rf__n_estimators': 400}",-46.13934328319002,-36.67864107013308,-45.92263915128054,-43.04224750382516,-42.09613809464986,-42.77580182061574,3.4329084361760343,53
4,0.1462172031402588,0.0031362186234331463,0.013141870498657227,0.0015145509790001853,True,5,auto,6,50,"{'rf__bootstrap': True, 'rf__max_depth': 5, 'rf__max_features': 'auto', 'rf__min_samples_split': 6, 'rf__n_estimators': 50}",-45.94310200658147,-37.55092762693372,-45.85591186055935,-42.740647464189756,-41.46719952931654,-42.71155769751617,3.114842465191118,50
5,0.27576618194580077,0.007894657441745475,0.01804637908935547,0.0013075861990969847,True,5,auto,6,100,"{'rf__bootstrap': True, 'rf__max_depth': 5, 'rf__max_features': 'auto', 'rf__min_samples_split': 6, 'rf__n_estimators': 100}",-45.86184835034036,-36.60469245938237,-45.81219675699653,-43.507160735704524,-41.76724095766603,-42.710627852017964,3.416337535655579,49
6,0.5305867195129395,0.007097116703444381,0.028049325942993163,0.002188447971903759,True,5,auto,6,200,"{'rf__bootstrap': True, 'rf__max_depth': 5, 'rf__max_features': 'auto', 'rf__min_samples_split': 6, 'rf__n_estimators': 200}",-46.15048484468179,-36.49128206212181,-46.342128954747835,-42.905205618301984,-41.85882482680527,-42.74958526133174,3.5904461824569065,52
7,1.048105001449585,0.012039709324325711,0.049348068237304685,0.003469756750931213,True,5,auto,6,400,"{'rf__bootstrap': True, 'rf__max_depth': 5, 'rf__max_features': 'auto', 'rf__min_samples_split': 6, 'rf__n_estimators': 400}",-46.10690150961087,-36.82152497820252,-46.522618586704,-43.19163901804001,-42.195379039323505,-42.96761262637618,3.490390464877368,61
8,0.14465641975402832,0.003110999228661768,0.014483451843261719,0.0024597489071887576,True,5,auto,10,50,"{'rf__bootstrap': True, 'rf__max_depth': 5, 'rf__max_features': 'auto', 'rf__min_samples_split': 10, 'rf__n_estimators': 50}",-46.5526904749785,-36.84652081671186,-45.641287030120296,-43.5557579917323,-42.23955064484901,-42.967161391678395,3.415993885878208,60
9,0.27812900543212893,0.009353731076996056,0.017446517944335938,0.0007173989769107286,True,5,auto,10,100,"{'rf__bootstrap': True, 'rf__max_depth': 5, 'rf__max_features': 'auto', 'rf__min_samples_split': 10, 'rf__n_estimators': 100}",-46.46995821403609,-36.9632374361931,-46.126237252155015,-43.12939570027837,-42.90626086894117,-43.11901789432075,3.412071968519956,70
10,0.5390744209289551,0.006198215010298468,0.028942012786865236,0.0021462326530470965,True,5,auto,10,200,"{'rf__bootstrap': True, 'rf__max_depth': 5, 'rf__max_features': 'auto', 'rf__min_samples_split': 10, 'rf__n_estimators': 200}",-46.202952156793074,-36.929855542228374,-46.495322071016176,-43.15268423222764,-42.15596676544759,-42.987356153542564,3.465767963340522,62
11,1.0402756690979005,0.01104376560720195,0.04576115608215332,0.00214337462655905,True,5,auto,10,400,"{'rf__bootstrap': True, 'rf__max_depth': 5, 'rf__max_features': 'auto', 'rf__min_samples_split': 10, 'rf__n_estimators': 400}",-45.72373248401632,-37.04020934837116,-46.069809052234596,-43.14348513976648,-42.40211622054544,-42.8758704489868,3.2453832792077026,59
12,0.09972505569458008,0.0038238072733957013,0.012613868713378907,0.0004950020471895043,True,5,sqrt,2,50,"{'rf__bootstrap': True, 'rf__max_depth': 5, 'rf__max_features': 'sqrt', 'rf__min_samples_split': 2, 'rf__n_estimators': 50}",-50.421261956306374,-41.30613481717808,-51.389655052030996,-48.75420545150887,-44.5593402075715,-47.28611949691916,3.7952322913238494,88
13,0.18174829483032226,0.005772199741576167,0.017313814163208006,0.0006729388380556973,True,5,sqrt,2,100,"{'rf__bootstrap': True, 'rf__max_depth': 5, 'rf__max_features': 'sqrt', 'rf__min_samples_split': 2, 'rf__n_estimators': 100}",-50.29610601632709,-40.53207802347218,-51.26164329695323,-49.12451547741853,-45.241311467778225,-47.29113085638985,3.950764448691756,89
14,0.3407245635986328,0.0012247508394011952,0.027150344848632813,0.002035034417326639,True,5,sqrt,2,200,"{'rf__bootstrap': True, 'rf__max_depth': 5, 'rf__max_features': 'sqrt', 'rf__min_samples_split': 2, 'rf__n_estimators': 200}",-50.48219934955959,-40.244728004125754,-51.04778909345088,-48.86966482622539,-44.59320270329722,-47.04751679533176,4.0846306847504135,85
15,0.6702878475189209,0.01223883569683423,0.04869046211242676,0.003001242236112984,True,5,sqrt,2,400,"{'rf__bootstrap': True, 'rf__max_depth': 5, 'rf__max_features': 'sqrt', 'rf__min_samples_split': 2, 'rf__n_estimators': 400}",-50.252718644831226,-41.104302731764086,-51.31701969079172,-49.27077765418521,-44.44542492223577,-47.2780487287616,3.8799951901169107,87
16,0.10392475128173828,0.00814087972926841,0.012628698348999023,0.0004057561904173997,True,5,sqrt,6,50,"{'rf__bootstrap': True, 'rf__max_depth': 5, 'rf__max_features': 'sqrt', 'rf__min_samples_split': 6, 'rf__n_estimators': 50}",-49.98201635531875,-41.49874131612882,-51.85561770175144,-48.756490527707925,-44.08078210864,-47.234729601909386,3.8487632833657046,86
17,0.18548197746276857,0.004033444586331108,0.01791720390319824,0.0007919648012645661,True,5,sqrt,6,100,"{'rf__bootstrap': True, 'rf__max_depth': 5, 'rf__max_features': 'sqrt', 'rf__min_samples_split': 6, 'rf__n_estimators': 100}",-50.63865476454549,-41.45120008722151,-51.23051978195084,-49.52898696344506,-44.52601884017458,-47.47507608746749,3.829207698443809,94
18,0.34323697090148925,0.0017835309879911806,0.028262996673583986,0.0030054067940449933,True,5,sqrt,6,200,"{'rf__bootstrap': True, 'rf__max_depth': 5, 'rf__max_features': 'sqrt', 'rf__min_samples_split': 6, 'rf__n_estimators': 200}",-50.4866474237104,-41.10044221961233,-51.41072222790789,-48.87373819124283,-44.58468222956657,-47.291246458408004,3.8816618883405396,90
19,0.662425422668457,0.0076500322589647595,0.04564061164855957,0.0012113543387122744,True,5,sqrt,6,400,"{'rf__bootstrap': True, 'rf__max_depth': 5, 'rf__max_features': 'sqrt', 'rf__min_samples_split': 6, 'rf__n_estimators': 400}",-50.38796310926944,-41.058512336564455,-51.54374932672572,-48.87405665391259,-44.66788242932209,-47.30643277115886,3.896320908703133,91
20,0.09385390281677246,0.00385623622465727,0.012562084197998046,0.0013662960417637011,True,5,sqrt,10,50,"{'rf__bootstrap': True, 'rf__max_depth': 5, 'rf__max_features': 'sqrt', 'rf__min_samples_split': 10, 'rf__n_estimators': 50}",-50.16038044268558,-40.626723431209456,-50.752490017646004,-49.56484020920079,-46.081458366831775,-47.43717849351472,3.772382243409977,93
21,0.18007755279541016,0.005616436573627862,0.019030380249023437,0.004224852582267997,True,5,sqrt,10,100,"{'rf__bootstrap': True, 'rf__max_depth': 5, 'rf__max_features': 'sqrt', 'rf__min_samples_split': 10, 'rf__n_estimators': 100}",-50.872493530132296,-40.96076982497846,-51.30041083462601,-49.61916448994288,-45.12024902753065,-47.57461754144206,3.9674828378605134,96
22,0.342000675201416,0.007851451845205826,0.02673177719116211,0.0004803096076896344,True,5,sqrt,10,200,"{'rf__bootstrap': True, 'rf__max_depth': 5, 'rf__max_features': 'sqrt', 'rf__min_samples_split': 10, 'rf__n_estimators': 200}",-50.34829528678445,-41.178510709785236,-51.580887562658766,-49.416866245345254,-45.09117940191782,-47.52314784129831,3.8523180021796386,95
23,1.0781194686889648,0.20315353741811137,0.07643356323242187,0.014556530228163302,True,5,sqrt,10,400,"{'rf__bootstrap': True, 'rf__max_depth': 5, 'rf__max_features': 'sqrt', 'rf__min_samples_split': 10, 'rf__n_estimators': 400}",-50.41872938121418,-40.613625701496595,-51.59614834183028,-49.106946150012654,-44.91105661135539,-47.329301237181824,4.046202587084313,92
24,0.3609877109527588,0.23914346851060195,0.016193962097167967,0.0033112169528993294,True,10,auto,2,50,"{'rf__bootstrap': True, 'rf__max_depth': 10, 'rf__max_features': 'auto', 'rf__min_samples_split': 2, 'rf__n_estimators': 50}",-44.240210759559034,-35.05615290533788,-42.09565727790203,-40.523405498614714,-38.78328486692335,-40.1397422616674,3.1135028614042173,20
25,0.3990830898284912,0.003945186123196542,0.020841026306152345,0.000997631776127622,True,10,auto,2,100,"{'rf__bootstrap': True, 'rf__max_depth': 10, 'rf__max_features': 'auto', 'rf__min_samples_split': 2, 'rf__n_estimators': 100}",-44.580042062279794,-34.593979924238,-41.87272378331098,-40.627185099789536,-38.41278718435072,-40.01734361079381,3.3651161759367247,12
26,0.8076163291931152,0.03648800213822329,0.036115264892578124,0.0065538295006817675,True,10,auto,2,200,"{'rf__bootstrap': True, 'rf__max_depth': 10, 'rf__max_features': 'auto', 'rf__min_samples_split': 2, 'rf__n_estimators': 200}",-43.23362435542279,-34.356639505151975,-41.83951216665649,-40.29386476395255,-38.71710298532035,-39.68814875530084,3.0637746135685893,3
27,2.000300073623657,0.5329283392562698,0.06636734008789062,0.016035779480674108,True,10,auto,2,400,"{'rf__bootstrap': True, 'rf__max_depth': 10, 'rf__max_features': 'auto', 'rf__min_samples_split': 2, 'rf__n_estimators': 400}",-43.684547161942824,-34.095392001127095,-42.265087262213925,-40.37979992023321,-39.02659664561661,-39.89028459822673,3.304617328441562,8
28,0.19595041275024414,0.0060547945786172275,0.016827106475830078,0.0014218401993449595,True,10,auto,6,50,"{'rf__bootstrap': True, 'rf__max_depth': 10, 'rf__max_features': 'auto', 'rf__min_samples_split': 6, 'rf__n_estimators': 50}",-43.181074021159056,-34.6218079386919,-42.03794897497093,-40.633660651607165,-39.24452334209728,-39.94380298570527,2.9716627695937645,10
29,0.37981390953063965,0.003807937047089191,0.018669319152832032,0.0005466592160550462,True,10,auto,6,100,"{'rf__bootstrap': True, 'rf__max_depth': 10, 'rf__max_features': 'auto', 'rf__min_samples_split': 6, 'rf__n_estimators': 100}",-43.719690009823886,-34.33965302143187,-42.77545741812544,-40.43930276117802,-39.279576235183825,-40.110735889148614,3.2933105136916376,18
30,0.740053653717041,0.014093308024835913,0.0325930118560791,0.0034793494947233474,True,10,auto,6,200,"{'rf__bootstrap': True, 'rf__max_depth': 10, 'rf__max_features': 'auto', 'rf__min_samples_split': 6, 'rf__n_estimators': 200}",-44.075782779385285,-34.29587212285067,-42.36934982679083,-40.94549780030509,-39.335987911394355,-40.204498088145236,3.343312115529761,23
31,1.487997579574585,0.021978979853556613,0.053302764892578125,0.0010495174478146025,True,10,auto,6,400,"{'rf__bootstrap': True, 'rf__max_depth': 10, 'rf__max_features': 'auto', 'rf__min_samples_split': 6, 'rf__n_estimators': 400}",-43.701302544869726,-34.07863924403227,-42.38250676563851,-40.621419798862654,-39.64415001075797,-40.08560367283222,3.31405021255072,17
32,0.20791082382202147,0.01803275981810398,0.019727802276611327,0.004151945507127183,True,10,auto,10,50,"{'rf__bootstrap': True, 'rf__max_depth': 10, 'rf__max_features': 'auto', 'rf__min_samples_split': 10, 'rf__n_estimators': 50}",-44.72691369032968,-34.19019310351633,-43.09149717255309,-40.95958567705673,-40.936229642270895,-40.78088385714535,3.5889652157993193,35
33,0.372102165222168,0.00932188689576156,0.019748544692993163,0.0010616959448879186,True,10,auto,10,100,"{'rf__bootstrap': True, 'rf__max_depth': 10, 'rf__max_features': 'auto', 'rf__min_samples_split': 10, 'rf__n_estimators': 100}",-43.86049109667763,-34.73850220350277,-43.05152384407429,-40.95054472523095,-39.933356978992684,-40.50688376969566,3.2100426516803577,31
34,0.7119105815887451,0.005296943503107828,0.03112192153930664,0.0017625049390083047,True,10,auto,10,200,"{'rf__bootstrap': True, 'rf__max_depth': 10, 'rf__max_features': 'auto', 'rf__min_samples_split': 10, 'rf__n_estimators': 200}",-44.209313827861784,-34.06672843313442,-43.398846636221755,-41.08430987229242,-40.05822304152067,-40.56348436220621,3.579545712338925,33
35,1.3812729835510253,0.02692024440859551,0.05068116188049317,0.0012700535410966557,True,10,auto,10,400,"{'rf__bootstrap': True, 'rf__max_depth': 10, 'rf__max_features': 'auto', 'rf__min_samples_split': 10, 'rf__n_estimators': 400}",-43.863596163250634,-34.188915314305056,-42.82628528729189,-41.142464558483354,-40.004080912376004,-40.40506844714138,3.3813845906390068,30
36,0.11935620307922364,0.0042012382862496546,0.013999509811401366,0.0017118629066825747,True,10,sqrt,2,50,"{'rf__bootstrap': True, 'rf__max_depth': 10, 'rf__max_features': 'sqrt', 'rf__min_samples_split': 2, 'rf__n_estimators': 50}",-47.2348831137805,-36.3637819642653,-47.080286371300545,-43.25330786918688,-40.30213788531154,-42.84687944076895,4.143615740272784,58
37,0.2229992389678955,0.004816897315360855,0.018814849853515624,0.00020620543798568314,True,10,sqrt,2,100,"{'rf__bootstrap': True, 'rf__max_depth': 10, 'rf__max_features': 'sqrt', 'rf__min_samples_split': 2, 'rf__n_estimators': 100}",-46.20292740972856,-36.242696007524195,-47.69003006596779,-44.68639633508205,-40.36872736641018,-43.03815543694256,4.187517936506476,63
38,0.4295485019683838,0.006361604098537395,0.0318878173828125,0.0024627489033565565,True,10,sqrt,2,200,"{'rf__bootstrap': True, 'rf__max_depth': 10, 'rf__max_features': 'sqrt', 'rf__min_samples_split': 2, 'rf__n_estimators': 200}",-46.321831940132775,-36.60002943331328,-46.91952628513032,-42.760621368201704,-40.89040226979384,-42.69848225931438,3.779153793263298,48
39,0.8337578296661377,0.0057359198485901295,0.05759892463684082,0.004219055042667801,True,10,sqrt,2,400,"{'rf__bootstrap': True, 'rf__max_depth': 10, 'rf__max_features': 'sqrt', 'rf__min_samples_split': 2, 'rf__n_estimators': 400}",-46.0186468584339,-36.186025019391174,-47.210688827362446,-43.578750317319624,-39.91893338732274,-42.582608881965974,4.055347851113501,45
40,0.11045866012573242,0.0019152877766553523,0.013666820526123048,0.0020152819374253932,True,10,sqrt,6,50,"{'rf__bootstrap': True, 'rf__max_depth': 10, 'rf__max_features': 'sqrt', 'rf__min_samples_split': 6, 'rf__n_estimators': 50}",-46.7702378178714,-37.44889729419729,-48.5475290238647,-44.09467985948499,-40.59320751486104,-43.49091030205588,4.039567357088121,77
41,0.2171389102935791,0.007406620298778615,0.01974620819091797,0.0016609194646146457,True,10,sqrt,6,100,"{'rf__bootstrap': True, 'rf__max_depth': 10, 'rf__max_features': 'sqrt', 'rf__min_samples_split': 6, 'rf__n_estimators': 100}",-46.71626681257692,-36.09544522779376,-48.05355823934584,-43.46874524706314,-40.91400376505603,-43.04960385836714,4.279737519711623,65
42,0.4176967144012451,0.019245160167702342,0.03206691741943359,0.004365752461880528,True,10,sqrt,6,200,"{'rf__bootstrap': True, 'rf__max_depth': 10, 'rf__max_features': 'sqrt', 'rf__min_samples_split': 6, 'rf__n_estimators': 200}",-46.53904932257216,-36.363947960774446,-48.026409737278755,-43.847092609982056,-41.033718784738774,-43.162043683069236,4.154019464402663,72
43,0.8120038509368896,0.017446751060994862,0.05154857635498047,0.000724411374835766,True,10,sqrt,6,400,"{'rf__bootstrap': True, 'rf__max_depth': 10, 'rf__max_features': 'sqrt', 'rf__min_samples_split': 6, 'rf__n_estimators': 400}",-46.383203239491635,-36.83839708004914,-47.879387745284426,-43.64819001445427,-40.90663920402263,-43.131163456660424,3.9480661070160203,71
44,0.10998039245605469,0.0024316055042354597,0.012614154815673828,7.2778785535163e-05,True,10,sqrt,10,50,"{'rf__bootstrap': True, 'rf__max_depth': 10, 'rf__max_features': 'sqrt', 'rf__min_samples_split': 10, 'rf__n_estimators': 50}",-47.379854541958075,-37.39539006006354,-48.678794479034586,-44.95830094788567,-42.969563829477806,-44.27638077168394,3.963170819281011,84
45,0.20857949256896974,0.0044600589067193015,0.02167172431945801,0.004063418693909216,True,10,sqrt,10,100,"{'rf__bootstrap': True, 'rf__max_depth': 10, 'rf__max_features': 'sqrt', 'rf__min_samples_split': 10, 'rf__n_estimators': 100}",-46.366447858629265,-36.80333340796351,-47.58893373987754,-45.26696740836147,-41.38947256768136,-43.48303099650263,3.933352413136396,76
46,0.41456079483032227,0.012628437980313762,0.03258819580078125,0.0032299422372181674,True,10,sqrt,10,200,"{'rf__bootstrap': True, 'rf__max_depth': 10, 'rf__max_features': 'sqrt', 'rf__min_samples_split': 10, 'rf__n_estimators': 200}",-47.63387005264248,-37.78876923908555,-48.6874698227693,-44.48822721423626,-41.09231586895601,-43.938130439537915,4.060310975043209,82
47,0.779688024520874,0.01556246255056323,0.05412454605102539,0.00494839228745289,True,10,sqrt,10,400,"{'rf__bootstrap': True, 'rf__max_depth': 10, 'rf__max_features': 'sqrt', 'rf__min_samples_split': 10, 'rf__n_estimators': 400}",-47.133972021742515,-37.120313473902605,-48.52546555770829,-43.970815807055544,-41.70519339471681,-43.691152051025156,4.0600926008965414,81
48,0.23607397079467773,0.005020528824327348,0.014469099044799805,0.00045938075564420764,True,15,auto,2,50,"{'rf__bootstrap': True, 'rf__max_depth': 15, 'rf__max_features': 'auto', 'rf__min_samples_split': 2, 'rf__n_estimators': 50}",-43.482167202577365,-35.02040047738408,-42.80697977954134,-41.024149916332455,-39.395145320733945,-40.34576853931384,3.0205293620606906,28
49,0.5006123542785644,0.10610943808006935,0.027330875396728516,0.006345641415026512,True,15,auto,2,100,"{'rf__bootstrap': True, 'rf__max_depth': 15, 'rf__max_features': 'auto', 'rf__min_samples_split': 2, 'rf__n_estimators': 100}",-43.22033807321731,-34.468602018890635,-41.617391859235575,-40.98883236282266,-39.089761981757675,-39.87698525918477,3.010433753361307,6
50,0.9847633361816406,0.19506183470756097,0.03417115211486817,0.00219658786636506,True,15,auto,2,200,"{'rf__bootstrap': True, 'rf__max_depth': 15, 'rf__max_features': 'auto', 'rf__min_samples_split': 2, 'rf__n_estimators': 200}",-43.44112887576374,-34.39761645618402,-41.83353757403956,-40.53575466202138,-38.8222055204059,-39.80604861768292,3.1008410648589027,4
51,1.7945878982543946,0.039242556990606574,0.06082315444946289,0.003922966131301959,True,15,auto,2,400,"{'rf__bootstrap': True, 'rf__max_depth': 15, 'rf__max_features': 'auto', 'rf__min_samples_split': 2, 'rf__n_estimators': 400}",-43.63629526342102,-33.80758337032836,-41.78960267135626,-40.17236333940014,-38.544029470939485,-39.58997482308905,3.3490386905288254,2
52,0.21718697547912597,0.009248905548066086,0.01542491912841797,0.0009677178330052528,True,15,auto,6,50,"{'rf__bootstrap': True, 'rf__max_depth': 15, 'rf__max_features': 'auto', 'rf__min_samples_split': 6, 'rf__n_estimators': 50}",-43.04205770070169,-33.757192900587754,-43.1543745304813,-41.2580100690098,-39.04999559426285,-40.05232615900868,3.4827644704598253,14
53,0.40518617630004883,0.013868175722161346,0.02082548141479492,0.0014614889990249025,True,15,auto,6,100,"{'rf__bootstrap': True, 'rf__max_depth': 15, 'rf__max_features': 'auto', 'rf__min_samples_split': 6, 'rf__n_estimators': 100}",-43.74356382499905,-35.12301171652305,-41.92267422371835,-40.0417278210637,-39.588417373542974,-40.08387899196943,2.8855475751595874,15
54,0.812382984161377,0.02402659037890853,0.03780064582824707,0.006927068844618806,True,15,auto,6,200,"{'rf__bootstrap': True, 'rf__max_depth': 15, 'rf__max_features': 'auto', 'rf__min_samples_split': 6, 'rf__n_estimators': 200}",-43.696266629015994,-34.238723647546905,-42.38309737170995,-40.775459408742805,-39.03258619084646,-40.025226649572424,3.2884005272675902,13
55,1.7076330661773682,0.2441591752387687,0.06038575172424317,0.005390892523751633,True,15,auto,6,400,"{'rf__bootstrap': True, 'rf__max_depth': 15, 'rf__max_features': 'auto', 'rf__min_samples_split': 6, 'rf__n_estimators': 400}",-43.854469726577705,-33.67938736158995,-42.1261815464189,-40.181847008317355,-39.40007857973364,-39.84839284452751,3.4527026910303515,5
56,0.2012732982635498,0.007006762657930817,0.018103885650634765,0.0027087537416832204,True,15,auto,10,50,"{'rf__bootstrap': True, 'rf__max_depth': 15, 'rf__max_features': 'auto', 'rf__min_samples_split': 10, 'rf__n_estimators': 50}",-44.69655149629704,-33.212836686118706,-44.004196016629976,-40.5369593096489,-40.22977553122826,-40.536063807984576,4.075808327438293,32
57,0.37061362266540526,0.011375285814505892,0.018645000457763673,0.0004505927066978914,True,15,auto,10,100,"{'rf__bootstrap': True, 'rf__max_depth': 15, 'rf__max_features': 'auto', 'rf__min_samples_split': 10, 'rf__n_estimators': 100}",-44.21739354456412,-34.37892775345282,-42.81925686848416,-41.6051709779608,-39.8797142671349,-40.58009268231935,3.4129042098115008,34
58,0.7030985832214356,0.007384188783416247,0.029153919219970702,0.0006266495096196155,True,15,auto,10,200,"{'rf__bootstrap': True, 'rf__max_depth': 15, 'rf__max_features': 'auto', 'rf__min_samples_split': 10, 'rf__n_estimators': 200}",-43.632497337120505,-34.39848705680668,-42.73989904372857,-40.181503618941214,-39.84334674037337,-40.15914675939406,3.2252093351932003,21
59,1.3795408248901366,0.012083542386557842,0.05229849815368652,0.0030469077111268867,True,15,auto,10,400,"{'rf__bootstrap': True, 'rf__max_depth': 15, 'rf__max_features': 'auto', 'rf__min_samples_split': 10, 'rf__n_estimators': 400}",-43.37071222828064,-34.44038857376547,-41.987563820456145,-40.82586927488213,-39.79822229722519,-40.08455123892191,3.0629534706717205,16
60,0.13646459579467773,0.00816027125744436,0.016295862197875977,0.0030097763022492886,True,15,sqrt,2,50,"{'rf__bootstrap': True, 'rf__max_depth': 15, 'rf__max_features': 'sqrt', 'rf__min_samples_split': 2, 'rf__n_estimators': 50}",-45.54218597038612,-37.19511813862419,-46.88767855720644,-42.69113064776704,-40.208499043205904,-42.504922471437936,3.5195390768910713,42
61,0.24662346839904786,0.0073240917621347655,0.02097210884094238,0.0005496847884442158,True,15,sqrt,2,100,"{'rf__bootstrap': True, 'rf__max_depth': 15, 'rf__max_features': 'sqrt', 'rf__min_samples_split': 2, 'rf__n_estimators': 100}",-45.890914544244595,-37.6032724179046,-47.209331599901816,-42.419432501272986,-40.13283963220629,-42.65115813910606,3.5538638688354833,46
62,0.4722598075866699,0.0067151520380839096,0.03427391052246094,0.0018894503433242256,True,15,sqrt,2,200,"{'rf__bootstrap': True, 'rf__max_depth': 15, 'rf__max_features': 'sqrt', 'rf__min_samples_split': 2, 'rf__n_estimators': 200}",-45.91202318550936,-35.83027142841202,-46.844013006961234,-41.8957223338978,-39.13330618228143,-41.92306722741237,4.123909603309582,38
63,0.9264426231384277,0.006490969174450757,0.0569915771484375,0.00032585702627624207,True,15,sqrt,2,400,"{'rf__bootstrap': True, 'rf__max_depth': 15, 'rf__max_features': 'sqrt', 'rf__min_samples_split': 2, 'rf__n_estimators': 400}",-45.39634700488599,-36.04434385228854,-46.76608136057279,-41.98386700089561,-39.36911082364603,-41.911950008457794,3.9141696128255443,37
64,0.11648616790771485,0.002945286041418126,0.012982606887817383,0.00022539210297212138,True,15,sqrt,6,50,"{'rf__bootstrap': True, 'rf__max_depth': 15, 'rf__max_features': 'sqrt', 'rf__min_samples_split': 6, 'rf__n_estimators': 50}",-47.108044625030146,-35.910142878876506,-47.14031995913328,-44.08201687567501,-41.20432255508873,-43.08896937876074,4.210463021018121,68
65,0.22475624084472656,0.005979610399707912,0.019812536239624024,0.0012013485689535506,True,15,sqrt,6,100,"{'rf__bootstrap': True, 'rf__max_depth': 15, 'rf__max_features': 'sqrt', 'rf__min_samples_split': 6, 'rf__n_estimators': 100}",-46.07168206774535,-35.82205206068315,-47.76637890257219,-43.367558463985475,-40.92047932054811,-42.78963016310686,4.193203150983264,56
66,0.45487499237060547,0.023969251342877664,0.0335200309753418,0.003453914157442799,True,15,sqrt,6,200,"{'rf__bootstrap': True, 'rf__max_depth': 15, 'rf__max_features': 'sqrt', 'rf__min_samples_split': 6, 'rf__n_estimators': 200}",-46.31370235289888,-36.51673486831996,-48.18386126532539,-42.80567740585927,-39.81724719078427,-42.72744461663755,4.235139010695439,51
67,0.9079184532165527,0.03527157950817538,0.05748867988586426,0.0028041585019888673,True,15,sqrt,6,400,"{'rf__bootstrap': True, 'rf__max_depth': 15, 'rf__max_features': 'sqrt', 'rf__min_samples_split': 6, 'rf__n_estimators': 400}",-46.1102202178685,-36.59487479782365,-46.93871031299883,-42.83700407595883,-40.17700685482248,-42.531563251894454,3.8239045653104573,44
68,0.11879515647888184,0.0037881200086251985,0.014587163925170898,0.0010078000097209175,True,15,sqrt,10,50,"{'rf__bootstrap': True, 'rf__max_depth': 15, 'rf__max_features': 'sqrt', 'rf__min_samples_split': 10, 'rf__n_estimators': 50}",-46.2023121760622,-36.36341705490382,-48.15398437044735,-45.54058566374427,-41.8283887057299,-43.61773759417751,4.166097483600122,79
69,0.22514877319335938,0.007322473117121224,0.02077512741088867,0.002122456989767908,True,15,sqrt,10,100,"{'rf__bootstrap': True, 'rf__max_depth': 15, 'rf__max_features': 'sqrt', 'rf__min_samples_split': 10, 'rf__n_estimators': 100}",-47.304546702641865,-37.64996513860482,-47.7935040496519,-44.05876804174359,-41.300470698891914,-43.62145092630682,3.8002120927627803,80
70,0.4289866924285889,0.02029909762062627,0.030430078506469727,0.0017883935684046676,True,15,sqrt,10,200,"{'rf__bootstrap': True, 'rf__max_depth': 15, 'rf__max_features': 'sqrt', 'rf__min_samples_split': 10, 'rf__n_estimators': 200}",-46.98282711903075,-37.145627247993644,-48.1485936821887,-43.80279218947479,-40.806787540036595,-43.377325555744896,4.0345357205687025,75
71,0.7944038391113282,0.00885605285735262,0.05219426155090332,0.0027087624135445445,True,15,sqrt,10,400,"{'rf__bootstrap': True, 'rf__max_depth': 15, 'rf__max_features': 'sqrt', 'rf__min_samples_split': 10, 'rf__n_estimators': 400}",-46.92480614249262,-36.437479775951125,-47.907054898077654,-43.35567790931206,-40.74166822431357,-43.07333739002941,4.189263420705654,67
72,0.22819962501525878,0.001905237469545676,0.016266059875488282,0.0036546743729232974,True,20,auto,2,50,"{'rf__bootstrap': True, 'rf__max_depth': 20, 'rf__max_features': 'auto', 'rf__min_samples_split': 2, 'rf__n_estimators': 50}",-43.43597445526057,-34.72883515640546,-41.252850533365084,-42.17321241528604,-39.520030053399104,-40.222180522743244,3.0287666186969417,24
73,0.45157618522644044,0.009553491745258639,0.021256208419799805,0.0010048039952559402,True,20,auto,2,100,"{'rf__bootstrap': True, 'rf__max_depth': 20, 'rf__max_features': 'auto', 'rf__min_samples_split': 2, 'rf__n_estimators': 100}",-43.54098476278276,-33.89692950643197,-42.2770172233429,-41.64270433291462,-39.44527275288074,-40.160581715670595,3.401414922709521,22
74,0.870363998413086,0.008246722446124153,0.03451471328735352,0.0012449893523489627,True,20,auto,2,200,"{'rf__bootstrap': True, 'rf__max_depth': 20, 'rf__max_features': 'auto', 'rf__min_samples_split': 2, 'rf__n_estimators': 200}",-43.97941320953746,-34.511086244610475,-42.165524133026175,-40.023906095437155,-38.769868114233816,-39.88995955936902,3.2282084796980124,7
75,1.7128692626953126,0.023752409179488048,0.06014528274536133,0.0038215973931927404,True,20,auto,2,400,"{'rf__bootstrap': True, 'rf__max_depth': 20, 'rf__max_features': 'auto', 'rf__min_samples_split': 2, 'rf__n_estimators': 400}",-43.55652942003065,-33.79523716174782,-41.712520944235095,-40.1685463913342,-38.57127066332835,-39.56082091613522,3.3222280308226626,1
76,0.20433740615844725,0.006024218314220685,0.015485572814941406,0.0018710326355134757,True,20,auto,6,50,"{'rf__bootstrap': True, 'rf__max_depth': 20, 'rf__max_features': 'auto', 'rf__min_samples_split': 6, 'rf__n_estimators': 50}",-43.936731009893315,-33.977898874247465,-41.99698473161508,-41.78811386756914,-39.718710949874435,-40.28368788663989,3.424195721022147,25
77,0.3942399024963379,0.007978699999866156,0.021581697463989257,0.0036978348214227494,True,20,auto,6,100,"{'rf__bootstrap': True, 'rf__max_depth': 20, 'rf__max_features': 'auto', 'rf__min_samples_split': 6, 'rf__n_estimators': 100}",-43.70274376798741,-34.221125164221675,-42.3260659940687,-40.70660821519057,-39.69312537766232,-40.129933703826126,3.2565424042804714,19
78,0.7590335369110107,0.0094312840863567,0.031096935272216797,0.0011680232137295712,True,20,auto,6,200,"{'rf__bootstrap': True, 'rf__max_depth': 20, 'rf__max_features': 'auto', 'rf__min_samples_split': 6, 'rf__n_estimators': 200}",-43.353863278520265,-34.067329390199795,-42.34860772028557,-40.842500855687724,-39.38947509720852,-40.000355268380375,3.257099488712736,11
79,1.5291213989257812,0.02573347581394392,0.05530924797058105,0.0025536560845754964,True,20,auto,6,400,"{'rf__bootstrap': True, 'rf__max_depth': 20, 'rf__max_features': 'auto', 'rf__min_samples_split': 6, 'rf__n_estimators': 400}",-43.49229037740434,-34.137131579865716,-41.93090884154447,-40.5591966744117,-39.44813206788645,-39.91353190822254,3.189909171965986,9
80,0.1892418384552002,0.001944569242106959,0.01654195785522461,0.003909251003383525,True,20,auto,10,50,"{'rf__bootstrap': True, 'rf__max_depth': 20, 'rf__max_features': 'auto', 'rf__min_samples_split': 10, 'rf__n_estimators': 50}",-45.26837102263696,-34.285045107472314,-44.034182342252045,-40.77270238188734,-40.86051747407683,-41.044163665665096,3.809914443055519,36
81,0.36165900230407716,0.005004628376428322,0.018532991409301758,0.000434973929372816,True,20,auto,10,100,"{'rf__bootstrap': True, 'rf__max_depth': 20, 'rf__max_features': 'auto', 'rf__min_samples_split': 10, 'rf__n_estimators': 100}",-44.28697027906857,-33.71800568083508,-42.953908637789326,-40.5242991281458,-40.4081176248953,-40.37826027014681,3.64124122935328,29
82,0.71446852684021,0.009542099845913357,0.02947235107421875,0.0009568601681425066,True,20,auto,10,200,"{'rf__bootstrap': True, 'rf__max_depth': 20, 'rf__max_features': 'auto', 'rf__min_samples_split': 10, 'rf__n_estimators': 200}",-44.135813230573696,-34.16898416953413,-42.38863830874459,-41.02224436324038,-39.91482306721601,-40.32610062786176,3.386202008561518,27
83,1.4433574199676513,0.04027413493044665,0.051343345642089845,0.0014455488414101814,True,20,auto,10,400,"{'rf__bootstrap': True, 'rf__max_depth': 20, 'rf__max_features': 'auto', 'rf__min_samples_split': 10, 'rf__n_estimators': 400}",-44.230012435199,-34.062350226685076,-42.90602284962689,-40.32270903555675,-40.0860454752301,-40.32142800445956,3.4982459596266753,26
84,0.14027934074401854,0.0034357628845327333,0.017988109588623048,0.0038774029384535435,True,20,sqrt,2,50,"{'rf__bootstrap': True, 'rf__max_depth': 20, 'rf__max_features': 'sqrt', 'rf__min_samples_split': 2, 'rf__n_estimators': 50}",-46.3075185951164,-35.81849293744148,-47.71511024778438,-42.981660638627176,-41.12202647125974,-42.78896177804584,4.196437128006965,55
85,0.2703343391418457,0.008287405829949142,0.022518730163574217,0.000712919354829465,True,20,sqrt,2,100,"{'rf__bootstrap': True, 'rf__max_depth': 20, 'rf__max_features': 'sqrt', 'rf__min_samples_split': 2, 'rf__n_estimators': 100}",-46.34117535214526,-36.54827388857302,-46.88021325216257,-42.288862897908764,-40.18415362859809,-42.44853580387754,3.8667407567664207,41
86,0.5051474571228027,0.016038111825839294,0.03791933059692383,0.004405382019920059,True,20,sqrt,2,200,"{'rf__bootstrap': True, 'rf__max_depth': 20, 'rf__max_features': 'sqrt', 'rf__min_samples_split': 2, 'rf__n_estimators': 200}",-46.03273066862798,-35.496674063142024,-46.53099904923139,-42.90765590702459,-38.98385236147623,-41.99038240990044,4.219162016409672,39
87,0.9836493015289307,0.01782293817736876,0.05886402130126953,0.0009671343158416221,True,20,sqrt,2,400,"{'rf__bootstrap': True, 'rf__max_depth': 20, 'rf__max_features': 'sqrt', 'rf__min_samples_split': 2, 'rf__n_estimators': 400}",-45.8457972946519,-36.45613380232691,-45.95617716656635,-42.43983625109259,-39.79806290261713,-42.09920148345098,3.637821470592718,40
88,0.12235770225524903,0.004093517159772794,0.013468790054321288,0.00032682358992438073,True,20,sqrt,6,50,"{'rf__bootstrap': True, 'rf__max_depth': 20, 'rf__max_features': 'sqrt', 'rf__min_samples_split': 6, 'rf__n_estimators': 50}",-46.24376711111856,-37.49225130281061,-48.31029334458197,-43.42165349876409,-41.01098295437391,-43.29578964232983,3.814526421624067,73
89,0.22729988098144532,0.00855646130898385,0.019449520111083984,0.0008645937717544111,True,20,sqrt,6,100,"{'rf__bootstrap': True, 'rf__max_depth': 20, 'rf__max_features': 'sqrt', 'rf__min_samples_split': 6, 'rf__n_estimators': 100}",-46.38123207822629,-36.96580615344574,-46.86181397931378,-43.126541120495,-40.5556646685064,-42.77821159999745,3.7014232492793546,54
90,0.5632769107818604,0.2567428706905611,0.030875253677368163,0.0010524371468042543,True,20,sqrt,6,200,"{'rf__bootstrap': True, 'rf__max_depth': 20, 'rf__max_features': 'sqrt', 'rf__min_samples_split': 6, 'rf__n_estimators': 200}",-45.939039853551925,-36.6047673685552,-47.06342848883266,-43.50064295876711,-40.88094808542721,-42.797765351026825,3.7572579596698166,57
91,0.8553089141845703,0.006120797788379751,0.05768179893493652,0.003411342662746683,True,20,sqrt,6,400,"{'rf__bootstrap': True, 'rf__max_depth': 20, 'rf__max_features': 'sqrt', 'rf__min_samples_split': 6, 'rf__n_estimators': 400}",-45.771644119593745,-36.1567218264517,-47.0597540578192,-43.402840107225195,-40.24326311757549,-42.526844645733064,3.9404712596533944,43
92,0.11026005744934082,0.001973979701744122,0.012708806991577148,0.00015805145786552686,True,20,sqrt,10,50,"{'rf__bootstrap': True, 'rf__max_depth': 20, 'rf__max_features': 'sqrt', 'rf__min_samples_split': 10, 'rf__n_estimators': 50}",-48.90561801668552,-36.50839069954681,-49.095265633944656,-45.363933219028524,-40.842770552480296,-44.14319562433716,4.855448827715772,83
93,0.212441349029541,0.0039583969952090145,0.020365333557128905,0.002394427829160695,True,20,sqrt,10,100,"{'rf__bootstrap': True, 'rf__max_depth': 20, 'rf__max_features': 'sqrt', 'rf__min_samples_split': 10, 'rf__n_estimators': 100}",-46.9658627335707,-37.29549648196853,-47.541569209214536,-44.00124515026566,-40.83637159130084,-43.328109033264056,3.8481367060996443,74
94,0.5298020362854003,0.2334121492103216,0.030767107009887697,0.0021763014050968626,True,20,sqrt,10,200,"{'rf__bootstrap': True, 'rf__max_depth': 20, 'rf__max_features': 'sqrt', 'rf__min_samples_split': 10, 'rf__n_estimators': 200}",-46.56647951110156,-37.122519635564935,-48.53765949680521,-44.25443091585826,-41.279996056628676,-43.55221712319173,4.023369631841626,78
95,0.7949378013610839,0.004254093134077782,0.05347366333007812,0.0030235141515364615,True,20,sqrt,10,400,"{'rf__bootstrap': True, 'rf__max_depth': 20, 'rf__max_features': 'sqrt', 'rf__min_samples_split': 10, 'rf__n_estimators': 400}",-46.26162725039178,-36.52715850279167,-47.9192192823769,-43.92682804996985,-40.67901499248824,-43.06276961560369,4.073349708352555,66
